ev_battery_id,cathode_comp,ev_BOL_voltage,ev_BOL_resist
5321,NMC,13.02000,0.00215
73441,NMC,13.99900,0.00389
123456,LCO,12.00000,0.00100
251389,LMO,12.52900,0.00230
512325,NMC,12.50000,0.00100
752314,NCA,13.42200,0.00321
967557,LNCA,13.00000,0.00200
9081253,LFP,12.12100,0.00125
67592318,NCA,12.00100,0.00312
98271350,LMO,13.21400,0.00300
